"PortPairDistance_ID","Code","Description","OriginPortID","DestinationPortID","Distance","Remarks","IsActive","CreatedBy"
"1","PP0001","Abu Dhabi-Abu Dhabi","1","1","0",,"1","1"
"2","PP0002","Abu Dhabi-SITRA","1","2","298",,"1","1"
"3","PP0003","Abu Dhabi-Bandar Abbas","1","3","251",,"1","1"
"4","PP0004","Abu Dhabi-Sharjah","1","4","81",,"1","1"
"5","PP0005","Abu Dhabi-Aden","1","5","7145",,"1","1"
"6","PP0006","Abu Dhabi-Dammam","1","6","388",,"1","1"
"7","PP0007","Abu Dhabi-Hodeidah","1","7","1913",,"1","1"
"8","PP0008","Abu Dhabi-Jeddah","1","8","2452",,"1","1"
"9","PP0009","Abu Dhabi-Muscat. Oman","1","9","456",,"1","1"
"10","PP0010","Abu Dhabi-Salalah","1","10","1080",,"1","1"
"11","PP0011","Abu Dhabi-Sohar","1","11","345",,"1","1"
"12","PP0012","Abu Dhabi-Chennai","1","12","2620",,"1","1"
"13","PP0013","Abu Dhabi-Chittagong","1","13","3734",,"1","1"
"14","PP0014","Abu Dhabi-Cochin","1","14","2026",,"1","1"
"15","PP0015","Abu Dhabi-Colombo","1","15","2357",,"1","1"
"16","PP0016","Abu Dhabi-Haldia ","1","16","3488",,"1","1"
"17","PP0017","Abu Dhabi-Jawaharlal Nehru","1","17","1416",,"1","1"
"18","PP0018","Abu Dhabi-Kandla","1","18","1130",,"1","1"
"19","PP0019","Abu Dhabi-Kolkata","1","19","3511",,"1","1"
"20","PP0020","Abu Dhabi-Pipavav","1","20","1272",,"1","1"
"21","PP0021","Abu Dhabi-Port Qasim","1","21","827",,"1","1"
"22","PP0022","Abu Dhabi-Dar es Salaam","1","22","2979",,"1","1"
"23","PP0023","Abu Dhabi-Mombasa","1","23","2789",,"1","1"
"24","PP0024","Abu Dhabi-Port Louis","1","24","3140",,"1","1"
"25","PP0025","Abu Dhabi-Toamasina","1","25","3380",,"1","1"
"26","PP0026","Abu Dhabi-Victoria","1","26","-1",,"1","1"
"27","PP0027","Abu Dhabi-Port Saint Denis","1","27","3299",,"1","1"
"28","PP0028","Abu Dhabi-Djibouti","1","28","1850",,"1","1"
"29","PP0029","Abu Dhabi-Penang","1","29","-1",,"1","1"
"30","PP0030","Abu Dhabi-Port Klang","1","30","3822",,"1","1"
"31","PP0031","Abu Dhabi-Singapore","1","31","-1",,"1","1"
"32","PP0032","Abu Dhabi-Tanjung Pelepas","1","32","3995",,"1","1"
"33","PP0033","SITRA-Abu Dhabi","2","1","298",,"1","1"
"34","PP0034","SITRA-SITRA","2","2","0",,"1","1"
"35","PP0035","SITRA-Bandar Abbas","2","3","355",,"1","1"
"36","PP0036","SITRA-Sharjah","2","4","302",,"1","1"
"37","PP0037","SITRA-Aden","2","5","7294",,"1","1"
"38","PP0038","SITRA-Dammam","2","6","121",,"1","1"
"39","PP0039","SITRA-Hodeidah","2","7","2062",,"1","1"
"40","PP0040","SITRA-Jeddah","2","8","2601",,"1","1"
"41","PP0041","SITRA-Muscat. Oman","2","9","606",,"1","1"
"42","PP0042","SITRA-Salalah","2","10","1229",,"1","1"
"43","PP0043","SITRA-Sohar","2","11","494",,"1","1"
"44","PP0044","SITRA-Chennai","2","12","2770",,"1","1"
"45","PP0045","SITRA-Chittagong","2","13","3883",,"1","1"
"46","PP0046","SITRA-Cochin","2","14","2175",,"1","1"
"47","PP0047","SITRA-Colombo","2","15","2507",,"1","1"
"48","PP0048","SITRA-Haldia ","2","16","3637",,"1","1"
"49","PP0049","SITRA-Jawaharlal Nehru","2","17","1565",,"1","1"
"50","PP0050","SITRA-Kandla","2","18","1279",,"1","1"
"51","PP0051","SITRA-Kolkata","2","19","3660",,"1","1"
"52","PP0052","SITRA-Pipavav","2","20","1421",,"1","1"
"53","PP0053","SITRA-Port Qasim","2","21","976",,"1","1"
"54","PP0054","SITRA-Dar es Salaam","2","22","3129",,"1","1"
"55","PP0055","SITRA-Mombasa","2","23","2938",,"1","1"
"56","PP0056","SITRA-Port Louis","2","24","3289",,"1","1"
"57","PP0057","SITRA-Toamasina","2","25","3529",,"1","1"
"58","PP0058","SITRA-Victoria","2","26","2482",,"1","1"
"59","PP0059","SITRA-Port Saint Denis","2","27","3448",,"1","1"
"60","PP0060","SITRA-Djibouti","2","28","1999",,"1","1"
"61","PP0061","SITRA-Penang","2","29","3831",,"1","1"
"62","PP0062","SITRA-Port Klang","2","30","3971",,"1","1"
"63","PP0063","SITRA-Singapore","2","31","4201",,"1","1"
"64","PP0064","SITRA-Tanjung Pelepas","2","32","4144",,"1","1"
"65","PP0065","Bandar Abbas-Abu Dhabi","3","1","251",,"1","1"
"66","PP0066","Bandar Abbas-SITRA","3","2","355",,"1","1"
"67","PP0067","Bandar Abbas-Bandar Abbas","3","3","0",,"1","1"
"68","PP0068","Bandar Abbas-Sharjah","3","4","173",,"1","1"
"69","PP0069","Bandar Abbas-Aden","3","5","7008",,"1","1"
"70","PP0070","Bandar Abbas-Dammam","3","6","365",,"1","1"
"71","PP0071","Bandar Abbas-Hodeidah","3","7","1776",,"1","1"
"72","PP0072","Bandar Abbas-Jeddah","3","8","2315",,"1","1"
"73","PP0073","Bandar Abbas-Muscat. Oman","3","9","306",,"1","1"
"74","PP0074","Bandar Abbas-Salalah","3","10","943",,"1","1"
"75","PP0075","Bandar Abbas-Sohar","3","11","227",,"1","1"
"76","PP0076","Bandar Abbas-Chennai","3","12","2470",,"1","1"
"77","PP0077","Bandar Abbas-Chittagong","3","13","3583",,"1","1"
"78","PP0078","Bandar Abbas-Cochin","3","14","1875",,"1","1"
"79","PP0079","Bandar Abbas-Colombo","3","15","2207",,"1","1"
"80","PP0080","Bandar Abbas-Haldia ","3","16","3338",,"1","1"
"81","PP0081","Bandar Abbas-Jawaharlal Nehru","3","17","1265",,"1","1"
"82","PP0082","Bandar Abbas-Kandla","3","18","980",,"1","1"
"83","PP0083","Bandar Abbas-Kolkata","3","19","3360",,"1","1"
"84","PP0084","Bandar Abbas-Pipavav","3","20","1121",,"1","1"
"85","PP0085","Bandar Abbas-Port Qasim","3","21","676",,"1","1"
"86","PP0086","Bandar Abbas-Dar es Salaam","3","22","2842",,"1","1"
"87","PP0087","Bandar Abbas-Mombasa","3","23","2652",,"1","1"
"88","PP0088","Bandar Abbas-Port Louis","3","24","3003",,"1","1"
"89","PP0089","Bandar Abbas-Toamasina","3","25","3243",,"1","1"
"90","PP0090","Bandar Abbas-Victoria","3","26","2196",,"1","1"
"91","PP0091","Bandar Abbas-Port Saint Denis","3","27","3162",,"1","1"
"92","PP0092","Bandar Abbas-Djibouti","3","28","1713",,"1","1"
"93","PP0093","Bandar Abbas-Penang","3","29","3532",,"1","1"
"94","PP0094","Bandar Abbas-Port Klang","3","30","3671",,"1","1"
"95","PP0095","Bandar Abbas-Singapore","3","31","3902",,"1","1"
"96","PP0096","Bandar Abbas-Tanjung Pelepas","3","32","3844",,"1","1"
"97","PP0097","Sharjah-Abu Dhabi","4","1","81",,"1","1"
"98","PP0098","Sharjah-SITRA","4","2","302",,"1","1"
"99","PP0099","Sharjah-Bandar Abbas","4","3","173",,"1","1"
"100","PP0100","Sharjah-Sharjah","4","4","0",,"1","1"
"101","PP0101","Sharjah-Aden","4","5","7064",,"1","1"
"102","PP0102","Sharjah-Dammam","4","6","389",,"1","1"
"103","PP0103","Sharjah-Hodeidah","4","7","1832",,"1","1"
"104","PP0104","Sharjah-Jeddah","4","8","2371",,"1","1"
"105","PP0105","Sharjah-Muscat. Oman","4","9","376",,"1","1"
"106","PP0106","Sharjah-Salalah","4","10","999",,"1","1"
"107","PP0107","Sharjah-Sohar","4","11","264",,"1","1"
"108","PP0108","Sharjah-Chennai","4","12","2540",,"1","1"
"109","PP0109","Sharjah-Chittagong","4","13","3653",,"1","1"
"110","PP0110","Sharjah-Cochin","4","14","1945",,"1","1"
"111","PP0111","Sharjah-Colombo","4","15","2276",,"1","1"
"112","PP0112","Sharjah-Haldia ","4","16","3407",,"1","1"
"113","PP0113","Sharjah-Jawaharlal Nehru","4","17","1335",,"1","1"
"114","PP0114","Sharjah-Kandla","4","18","1049",,"1","1"
"115","PP0115","Sharjah-Kolkata","4","19","3430",,"1","1"
"116","PP0116","Sharjah-Pipavav","4","20","1191",,"1","1"
"117","PP0117","Sharjah-Port Qasim","4","21","746",,"1","1"
"118","PP0118","Sharjah-Dar es Salaam","4","22","2899",,"1","1"
"119","PP0119","Sharjah-Mombasa","4","23","2708",,"1","1"
"120","PP0120","Sharjah-Port Louis","4","24","3059",,"1","1"
"121","PP0121","Sharjah-Toamasina","4","25","3299",,"1","1"
"122","PP0122","Sharjah-Victoria","4","26","2252",,"1","1"
"123","PP0123","Sharjah-Port Saint Denis","4","27","3218",,"1","1"
"124","PP0124","Sharjah-Djibouti","4","28","1769",,"1","1"
"125","PP0125","Sharjah-Penang","4","29","3601",,"1","1"
"126","PP0126","Sharjah-Port Klang","4","30","3741",,"1","1"
"127","PP0127","Sharjah-Singapore","4","31","3971",,"1","1"
"128","PP0128","Sharjah-Tanjung Pelepas","4","32","3914",,"1","1"
"129","PP0129","Aden-Abu Dhabi","5","1","7145",,"1","1"
"130","PP0130","Aden-SITRA","5","2","7294",,"1","1"
"131","PP0131","Aden-Bandar Abbas","5","3","7008",,"1","1"
"132","PP0132","Aden-Sharjah","5","4","7064",,"1","1"
"133","PP0133","Aden-Aden","5","5","0",,"1","1"
"134","PP0134","Aden-Dammam","5","6","7372",,"1","1"
"135","PP0135","Aden-Hodeidah","5","7","5232",,"1","1"
"136","PP0136","Aden-Jeddah","5","8","4693",,"1","1"
"137","PP0137","Aden-Muscat. Oman","5","9","6752",,"1","1"
"138","PP0138","Aden-Salalah","5","10","6065",,"1","1"
"139","PP0139","Aden-Sohar","5","11","6800",,"1","1"
"140","PP0140","Aden-Chennai","5","12","7984",,"1","1"
"141","PP0141","Aden-Chittagong","5","13","9097",,"1","1"
"142","PP0142","Aden-Cochin","5","14","7393",,"1","1"
"143","PP0143","Aden-Colombo","5","15","7708",,"1","1"
"144","PP0144","Aden-Haldia ","5","16","8852",,"1","1"
"145","PP0145","Aden-Jawaharlal Nehru","5","17","7208",,"1","1"
"146","PP0146","Aden-Kandla","5","18","7213",,"1","1"
"147","PP0147","Aden-Kolkata","5","19","8874",,"1","1"
"148","PP0148","Aden-Pipavav","5","20","7223",,"1","1"
"149","PP0149","Aden-Port Qasim","5","21","7092",,"1","1"
"150","PP0150","Aden-Dar es Salaam","5","22","2899",,"1","1"
"151","PP0151","Aden-Mombasa","5","23","7154",,"1","1"
"152","PP0152","Aden-Port Louis","5","24","8014",,"1","1"
"153","PP0153","Aden-Toamasina","5","25","7645",,"1","1"
"154","PP0154","Aden-Victoria","5","26","2252",,"1","1"
"155","PP0155","Aden-Port Saint Denis","5","27","7883",,"1","1"
"156","PP0156","Aden-Djibouti","5","28","5433",,"1","1"
"157","PP0157","Aden-Penang","5","29","3601",,"1","1"
"158","PP0158","Aden-Port Klang","5","30","9147",,"1","1"
"159","PP0159","Aden-Singapore","5","31","3971",,"1","1"
"160","PP0160","Aden-Tanjung Pelepas","5","32","9321",,"1","1"
"161","PP0161","Dammam-Abu Dhabi","6","1","388",,"1","1"
"162","PP0162","Dammam-SITRA","6","2","121",,"1","1"
"163","PP0163","Dammam-Bandar Abbas","6","3","365",,"1","1"
"164","PP0164","Dammam-Sharjah","6","4","389",,"1","1"
"165","PP0165","Dammam-Aden","6","5","7372",,"1","1"
"166","PP0166","Dammam-Dammam","6","6","0",,"1","1"
"167","PP0167","Dammam-Hodeidah","6","7","2141",,"1","1"
"168","PP0168","Dammam-Jeddah","6","8","2680",,"1","1"
"169","PP0169","Dammam-Muscat. Oman","6","9","671",,"1","1"
"170","PP0170","Dammam-Salalah","6","10","1307",,"1","1"
"171","PP0171","Dammam-Sohar","6","11","578",,"1","1"
"172","PP0172","Dammam-Chennai","6","12","2835",,"1","1"
"173","PP0173","Dammam-Chittagong","6","13","3948",,"1","1"
"174","PP0174","Dammam-Cochin","6","14","2240",,"1","1"
"175","PP0175","Dammam-Colombo","6","15","2572",,"1","1"
"176","PP0176","Dammam-Haldia ","6","16","3702",,"1","1"
"177","PP0177","Dammam-Jawaharlal Nehru","6","17","1630",,"1","1"
"178","PP0178","Dammam-Kandla","6","18","1344",,"1","1"
"179","PP0179","Dammam-Kolkata","6","19","3725",,"1","1"
"180","PP0180","Dammam-Pipavav","6","20","1486",,"1","1"
"181","PP0181","Dammam-Port Qasim","6","21","1041",,"1","1"
"182","PP0182","Dammam-Dar es Salaam","6","22","3207",,"1","1"
"183","PP0183","Dammam-Mombasa","6","23","3017",,"1","1"
"184","PP0184","Dammam-Port Louis","6","24","3368",,"1","1"
"185","PP0185","Dammam-Toamasina","6","25","3607",,"1","1"
"186","PP0186","Dammam-Victoria","6","26","2560",,"1","1"
"187","PP0187","Dammam-Port Saint Denis","6","27","3526",,"1","1"
"188","PP0188","Dammam-Djibouti","6","28","2078",,"1","1"
"189","PP0189","Dammam-Penang","6","29","3896",,"1","1"
"190","PP0190","Dammam-Port Klang","6","30","4036",,"1","1"
"191","PP0191","Dammam-Singapore","6","31","4266",,"1","1"
"192","PP0192","Dammam-Tanjung Pelepas","6","32","4209",,"1","1"
"193","PP0193","Hodeidah-Abu Dhabi","7","1","1913",,"1","1"
"194","PP0194","Hodeidah-SITRA","7","2","2062",,"1","1"
"195","PP0195","Hodeidah-Bandar Abbas","7","3","1776",,"1","1"
"196","PP0196","Hodeidah-Sharjah","7","4","1832",,"1","1"
"197","PP0197","Hodeidah-Aden","7","5","5232",,"1","1"
"198","PP0198","Hodeidah-Dammam","7","6","2141",,"1","1"
"199","PP0199","Hodeidah-Hodeidah","7","7","0",,"1","1"
"200","PP0200","Hodeidah-Jeddah","7","8","539",,"1","1"
"201","PP0201","Hodeidah-Muscat. Oman","7","9","1521",,"1","1"
"202","PP0202","Hodeidah-Salalah","7","10","833",,"1","1"
"203","PP0203","Hodeidah-Sohar","7","11","1568",,"1","1"
"204","PP0204","Hodeidah-Chennai","7","12","2752",,"1","1"
"205","PP0205","Hodeidah-Chittagong","7","13","3866",,"1","1"
"206","PP0206","Hodeidah-Cochin","7","14","2163",,"1","1"
"207","PP0207","Hodeidah-Colombo","7","15","2476",,"1","1"
"208","PP0208","Hodeidah-Haldia ","7","16","3620",,"1","1"
"209","PP0209","Hodeidah-Jawaharlal Nehru","7","17","1977",,"1","1"
"210","PP0210","Hodeidah-Kandla","7","18","1981",,"1","1"
"211","PP0211","Hodeidah-Kolkata","7","19","3643",,"1","1"
"212","PP0212","Hodeidah-Pipavav","7","20","1991",,"1","1"
"213","PP0213","Hodeidah-Port Qasim","7","21","1860",,"1","1"
"214","PP0214","Hodeidah-Dar es Salaam","7","22","2113",,"1","1"
"215","PP0215","Hodeidah-Mombasa","7","23","1923",,"1","1"
"216","PP0216","Hodeidah-Port Louis","7","24","2782",,"1","1"
"217","PP0217","Hodeidah-Toamasina","7","25","2513",,"1","1"
"218","PP0218","Hodeidah-Victoria","7","26","1783",,"1","1"
"219","PP0219","Hodeidah-Port Saint Denis","7","27","2751",,"1","1"
"220","PP0220","Hodeidah-Djibouti","7","28","202",,"1","1"
"221","PP0221","Hodeidah-Penang","7","29","3777",,"1","1"
"222","PP0222","Hodeidah-Port Klang","7","30","3916",,"1","1"
"223","PP0223","Hodeidah-Singapore","7","31","4146",,"1","1"
"224","PP0224","Hodeidah-Tanjung Pelepas","7","32","4089",,"1","1"
"225","PP0225","Jeddah-Abu Dhabi","8","1","2452",,"1","1"
"226","PP0226","Jeddah-SITRA","8","2","2601",,"1","1"
"227","PP0227","Jeddah-Bandar Abbas","8","3","2315",,"1","1"
"228","PP0228","Jeddah-Sharjah","8","4","2371",,"1","1"
"229","PP0229","Jeddah-Aden","8","5","4693",,"1","1"
"230","PP0230","Jeddah-Dammam","8","6","2680",,"1","1"
"231","PP0231","Jeddah-Hodeidah","8","7","539",,"1","1"
"232","PP0232","Jeddah-Jeddah","8","8","0",,"1","1"
"233","PP0233","Jeddah-Muscat. Oman","8","9","2060",,"1","1"
"234","PP0234","Jeddah-Salalah","8","10","1372",,"1","1"
"235","PP0235","Jeddah-Sohar","8","11","2107",,"1","1"
"236","PP0236","Jeddah-Chennai","8","12","3291",,"1","1"
"237","PP0237","Jeddah-Chittagong","8","13","4405",,"1","1"
"238","PP0238","Jeddah-Cochin","8","14","2701",,"1","1"
"239","PP0239","Jeddah-Colombo","8","15","3015",,"1","1"
"240","PP0240","Jeddah-Haldia ","8","16","4159",,"1","1"
"241","PP0241","Jeddah-Jawaharlal Nehru","8","17","2515",,"1","1"
"242","PP0242","Jeddah-Kandla","8","18","2520",,"1","1"
"243","PP0243","Jeddah-Kolkata","8","19","4182",,"1","1"
"244","PP0244","Jeddah-Pipavav","8","20","2530",,"1","1"
"245","PP0245","Jeddah-Port Qasim","8","21","2399",,"1","1"
"246","PP0246","Jeddah-Dar es Salaam","8","22","2652",,"1","1"
"247","PP0247","Jeddah-Mombasa","8","23","2462",,"1","1"
"248","PP0248","Jeddah-Port Louis","8","24","3321",,"1","1"
"249","PP0249","Jeddah-Toamasina","8","25","3052",,"1","1"
"250","PP0250","Jeddah-Victoria","8","26","2321",,"1","1"
"251","PP0251","Jeddah-Port Saint Denis","8","27","3290",,"1","1"
"252","PP0252","Jeddah-Djibouti","8","28","740",,"1","1"
"253","PP0253","Jeddah-Penang","8","29","4315",,"1","1"
"254","PP0254","Jeddah-Port Klang","8","30","4455",,"1","1"
"255","PP0255","Jeddah-Singapore","8","31","4685",,"1","1"
"256","PP0256","Jeddah-Tanjung Pelepas","8","32","4628",,"1","1"
"257","PP0257","Muscat. Oman-Abu Dhabi","9","1","456",,"1","1"
"258","PP0258","Muscat. Oman-SITRA","9","2","606",,"1","1"
"259","PP0259","Muscat. Oman-Bandar Abbas","9","3","307",,"1","1"
"260","PP0260","Muscat. Oman-Sharjah","9","4","376",,"1","1"
"261","PP0261","Muscat. Oman-Aden","9","5","6752",,"1","1"
"262","PP0262","Muscat. Oman-Dammam","9","6","671",,"1","1"
"263","PP0263","Muscat. Oman-Hodeidah","9","7","1521",,"1","1"
"264","PP0264","Muscat. Oman-Jeddah","9","8","2060",,"1","1"
"265","PP0265","Muscat. Oman-Muscat. Oman","9","9","0",,"1","1"
"266","PP0266","Muscat. Oman-Salalah","9","10","687",,"1","1"
"267","PP0267","Muscat. Oman-Sohar","9","11","112",,"1","1"
"268","PP0268","Muscat. Oman-Chennai","9","12","2187",,"1","1"
"269","PP0269","Muscat. Oman-Chittagong","9","13","3300",,"1","1"
"270","PP0270","Muscat. Oman-Cochin","9","14","1592",,"1","1"
"271","PP0271","Muscat. Oman-Colombo","9","15","1924",,"1","1"
"272","PP0272","Muscat. Oman-Haldia ","9","16","3055",,"1","1"
"273","PP0273","Muscat. Oman-Jawaharlal Nehru","9","17","982",,"1","1"
"274","PP0274","Muscat. Oman-Kandla","9","18","696",,"1","1"
"275","PP0275","Muscat. Oman-Kolkata","9","19","3077",,"1","1"
"276","PP0276","Muscat. Oman-Pipavav","9","20","838",,"1","1"
"277","PP0277","Muscat. Oman-Port Qasim","9","21","480",,"1","1"
"278","PP0278","Muscat. Oman-Dar es Salaam","9","22","2587",,"1","1"
"279","PP0279","Muscat. Oman-Mombasa","9","23","2397",,"1","1"
"280","PP0280","Muscat. Oman-Port Louis","9","24","2748",,"1","1"
"281","PP0281","Muscat. Oman-Toamasina","9","25","2987",,"1","1"
"282","PP0282","Muscat. Oman-Victoria","9","26","1940",,"1","1"
"283","PP0283","Muscat. Oman-Port Saint Denis","9","27","2906",,"1","1"
"284","PP0284","Muscat. Oman-Djibouti","9","28","1458",,"1","1"
"285","PP0285","Muscat. Oman-Penang","9","29","3249",,"1","1"
"286","PP0286","Muscat. Oman-Port Klang","9","30","3388",,"1","1"
"287","PP0287","Muscat. Oman-Singapore","9","31","3618",,"1","1"
"288","PP0288","Muscat. Oman-Tanjung Pelepas","9","32","3561",,"1","1"
"289","PP0289","Salalah-Abu Dhabi","10","1","1080",,"1","1"
"290","PP0290","Salalah-SITRA","10","2","1229",,"1","1"
"291","PP0291","Salalah-Bandar Abbas","10","3","943",,"1","1"
"292","PP0292","Salalah-Sharjah","10","4","999",,"1","1"
"293","PP0293","Salalah-Aden","10","5","6065",,"1","1"
"294","PP0294","Salalah-Dammam","10","6","1307",,"1","1"
"295","PP0295","Salalah-Hodeidah","10","7","833",,"1","1"
"296","PP0296","Salalah-Jeddah","10","8","1372",,"1","1"
"297","PP0297","Salalah-Muscat. Oman","10","9","687",,"1","1"
"298","PP0298","Salalah-Salalah","10","10","0",,"1","1"
"299","PP0299","Salalah-Sohar","10","11","735",,"1","1"
"300","PP0300","Salalah-Chennai","10","12","2183",,"1","1"
"301","PP0301","Salalah-Chittagong","10","13","3296",,"1","1"
"302","PP0302","Salalah-Cochin","10","14","1588",,"1","1"
"303","PP0303","Salalah-Colombo","10","15","1920",,"1","1"
"304","PP0304","Salalah-Haldia ","10","16","3051",,"1","1"
"305","PP0305","Salalah-Jawaharlal Nehru","10","17","1143",,"1","1"
"306","PP0306","Salalah-Kandla","10","18","1148",,"1","1"
"307","PP0307","Salalah-Kolkata","10","19","3073",,"1","1"
"308","PP0308","Salalah-Pipavav","10","20","1158",,"1","1"
"309","PP0309","Salalah-Port Qasim","10","21","1027",,"1","1"
"310","PP0310","Salalah-Dar es Salaam","10","22","1900",,"1","1"
"311","PP0311","Salalah-Mombasa","10","23","1709",,"1","1"
"312","PP0312","Salalah-Port Louis","10","24","2366",,"1","1"
"313","PP0313","Salalah-Toamasina","10","25","2300",,"1","1"
"314","PP0314","Salalah-Victoria","10","26","1367",,"1","1"
"315","PP0315","Salalah-Port Saint Denis","10","27","2335",,"1","1"
"316","PP0316","Salalah-Djibouti","10","28","770",,"1","1"
"317","PP0317","Salalah-Penang","10","29","3245",,"1","1"
"318","PP0318","Salalah-Port Klang","10","30","3384",,"1","1"
"319","PP0319","Salalah-Singapore","10","31","3614",,"1","1"
"320","PP0320","Salalah-Tanjung Pelepas","10","32","3557",,"1","1"
"321","PP0321","Sohar-Abu Dhabi","11","1","345",,"1","1"
"322","PP0322","Sohar-SITRA","11","2","494",,"1","1"
"323","PP0323","Sohar-Bandar Abbas","11","3","227",,"1","1"
"324","PP0324","Sohar-Sharjah","11","4","264",,"1","1"
"325","PP0325","Sohar-Aden","11","5","6800",,"1","1"
"326","PP0326","Sohar-Dammam","11","6","578",,"1","1"
"327","PP0327","Sohar-Hodeidah","11","7","1568",,"1","1"
"328","PP0328","Sohar-Jeddah","11","8","2107",,"1","1"
"329","PP0329","Sohar-Muscat. Oman","11","9","112",,"1","1"
"330","PP0330","Sohar-Salalah","11","10","735",,"1","1"
"331","PP0331","Sohar-Sohar","11","11","0",,"1","1"
"332","PP0332","Sohar-Chennai","11","12","2296",,"1","1"
"333","PP0333","Sohar-Chittagong","11","13","3409",,"1","1"
"334","PP0334","Sohar-Cochin","11","14","1701",,"1","1"
"335","PP0335","Sohar-Colombo","11","15","2033",,"1","1"
"336","PP0336","Sohar-Haldia ","11","16","3164",,"1","1"
"337","PP0337","Sohar-Jawaharlal Nehru","11","17","1091",,"1","1"
"338","PP0338","Sohar-Kandla","11","18","807",,"1","1"
"339","PP0339","Sohar-Kolkata","11","19","3186",,"1","1"
"340","PP0340","Sohar-Pipavav","11","20","947",,"1","1"
"341","PP0341","Sohar-Port Qasim","11","21","591",,"1","1"
"342","PP0342","Sohar-Dar es Salaam","11","22","2635",,"1","1"
"343","PP0343","Sohar-Mombasa","11","23","2444",,"1","1"
"344","PP0344","Sohar-Port Louis","11","24","2795",,"1","1"
"345","PP0345","Sohar-Toamasina","11","25","3035",,"1","1"
"346","PP0346","Sohar-Victoria","11","26","1988",,"1","1"
"347","PP0347","Sohar-Port Saint Denis","11","27","2954",,"1","1"
"348","PP0348","Sohar-Djibouti","11","28","1505",,"1","1"
"349","PP0349","Sohar-Penang","11","29","3245",,"1","1"
"350","PP0350","Sohar-Port Klang","11","30","3497",,"1","1"
"351","PP0351","Sohar-Singapore","11","31","3728",,"1","1"
"352","PP0352","Sohar-Tanjung Pelepas","11","32","3670",,"1","1"
"353","PP0353","Chennai-Abu Dhabi","12","1","2620",,"1","1"
"354","PP0354","Chennai-SITRA","12","2","2770",,"1","1"
"355","PP0355","Chennai-Bandar Abbas","12","3","2470",,"1","1"
"356","PP0356","Chennai-Sharjah","12","4","2540",,"1","1"
"357","PP0357","Chennai-Aden","12","5","7984",,"1","1"
"358","PP0358","Chennai-Dammam","12","6","2835",,"1","1"
"359","PP0359","Chennai-Hodeidah","12","7","2752",,"1","1"
"360","PP0360","Chennai-Jeddah","12","8","3291",,"1","1"
"361","PP0361","Chennai-Muscat. Oman","12","9","2184",,"1","1"
"362","PP0362","Chennai-Salalah","12","10","2183",,"1","1"
"363","PP0363","Chennai-Sohar","12","11","2296",,"1","1"
"364","PP0364","Chennai-Chennai","12","12","0",,"1","1"
"365","PP0365","Chennai-Chittagong","12","13","1113",,"1","1"
"366","PP0366","Chennai-Cochin","12","14","616",,"1","1"
"367","PP0367","Chennai-Colombo","12","15","401",,"1","1"
"368","PP0368","Chennai-Haldia ","12","16","868",,"1","1"
"369","PP0369","Chennai-Jawaharlal Nehru","12","17","1206",,"1","1"
"370","PP0370","Chennai-Kandla","12","18","1658",,"1","1"
"371","PP0371","Chennai-Kolkata","12","19","890",,"1","1"
"372","PP0372","Chennai-Pipavav","12","20","1394",,"1","1"
"373","PP0373","Chennai-Port Qasim","12","21","1794",,"1","1"
"374","PP0374","Chennai-Dar es Salaam","12","22","3281",,"1","1"
"375","PP0375","Chennai-Mombasa","12","23","3091",,"1","1"
"376","PP0376","Chennai-Port Louis","12","24","3124",,"1","1"
"377","PP0377","Chennai-Toamasina","12","25","3464",,"1","1"
"378","PP0378","Chennai-Victoria","12","26","2385",,"1","1"
"379","PP0379","Chennai-Port Saint Denis","12","27","3327",,"1","1"
"380","PP0380","Chennai-Djibouti","12","28","2636",,"1","1"
"381","PP0381","Chennai-Penang","12","29","3358",,"1","1"
"382","PP0382","Chennai-Port Klang","12","30","1661",,"1","1"
"383","PP0383","Chennai-Singapore","12","31","1891",,"1","1"
"384","PP0384","Chennai-Tanjung Pelepas","12","32","1834",,"1","1"
"385","PP0385","Chittagong-Abu Dhabi","13","1","3735",,"1","1"
"386","PP0386","Chittagong-SITRA","13","2","3884",,"1","1"
"387","PP0387","Chittagong-Bandar Abbas","13","3","3584",,"1","1"
"388","PP0388","Chittagong-Sharjah","13","4","3654",,"1","1"
"389","PP0389","Chittagong-Aden","13","5","8983",,"1","1"
"390","PP0390","Chittagong-Dammam","13","6","3949",,"1","1"
"391","PP0391","Chittagong-Hodeidah","13","7","3867",,"1","1"
"392","PP0392","Chittagong-Jeddah","13","8","4405",,"1","1"
"393","PP0393","Chittagong-Muscat. Oman","13","9","3299",,"1","1"
"394","PP0394","Chittagong-Salalah","13","10","3297",,"1","1"
"395","PP0395","Chittagong-Sohar","13","11","3410",,"1","1"
"396","PP0396","Chittagong-Chennai","13","12","1115",,"1","1"
"397","PP0397","Chittagong-Chittagong","13","13","0",,"1","1"
"398","PP0398","Chittagong-Cochin","13","14","1730",,"1","1"
"399","PP0399","Chittagong-Colombo","13","15","1516",,"1","1"
"400","PP0400","Chittagong-Haldia ","13","16","338",,"1","1"
"401","PP0401","Chittagong-Jawaharlal Nehru","13","17","2320",,"1","1"
"402","PP0402","Chittagong-Kandla","13","18","2772",,"1","1"
"403","PP0403","Chittagong-Kolkata","13","19","361",,"1","1"
"404","PP0404","Chittagong-Pipavav","13","20","2508",,"1","1"
"405","PP0405","Chittagong-Port Qasim","13","21","2908",,"1","1"
"406","PP0406","Chittagong-Dar es Salaam","13","22","4395",,"1","1"
"407","PP0407","Chittagong-Mombasa","13","23","4205",,"1","1"
"408","PP0408","Chittagong-Port Louis","13","24","4181",,"1","1"
"409","PP0409","Chittagong-Toamasina","13","25","4521",,"1","1"
"410","PP0410","Chittagong-Victoria","13","26","3442",,"1","1"
"411","PP0411","Chittagong-Port Saint Denis","13","27","4384",,"1","1"
"412","PP0412","Chittagong-Djibouti","13","28","3751",,"1","1"
"413","PP0413","Chittagong-Penang","13","29","1496",,"1","1"
"414","PP0414","Chittagong-Port Klang","13","30","1635",,"1","1"
"415","PP0415","Chittagong-Singapore","13","31","1866",,"1","1"
"416","PP0416","Chittagong-Tanjung Pelepas","13","32","1809",,"1","1"
"417","PP0417","Cochin-Abu Dhabi","14","1","2026",,"1","1"
"418","PP0418","Cochin-SITRA","14","2","2175",,"1","1"
"419","PP0419","Cochin-Bandar Abbas","14","3","1875",,"1","1"
"420","PP0420","Cochin-Sharjah","14","4","1945",,"1","1"
"421","PP0421","Cochin-Aden","14","5","7394",,"1","1"
"422","PP0422","Cochin-Dammam","14","6","2240",,"1","1"
"423","PP0423","Cochin-Hodeidah","14","7","2163",,"1","1"
"424","PP0424","Cochin-Jeddah","14","8","2701",,"1","1"
"425","PP0425","Cochin-Muscat. Oman","14","9","1589",,"1","1"
"426","PP0426","Cochin-Salalah","14","10","1588",,"1","1"
"427","PP0427","Cochin-Sohar","14","11","1701",,"1","1"
"428","PP0428","Cochin-Chennai","14","12","616",,"1","1"
"429","PP0429","Cochin-Chittagong","14","13","1729",,"1","1"
"430","PP0430","Cochin-Cochin","14","14","0",,"1","1"
"431","PP0431","Cochin-Colombo","14","15","353",,"1","1"
"432","PP0432","Cochin-Haldia ","14","16","1484",,"1","1"
"433","PP0433","Cochin-Jawaharlal Nehru","14","17","611",,"1","1"
"434","PP0434","Cochin-Kandla","14","18","1063",,"1","1"
"435","PP0435","Cochin-Kolkata","14","19","1506",,"1","1"
"436","PP0436","Cochin-Pipavav","14","20","799",,"1","1"
"437","PP0437","Cochin-Port Qasim","14","21","1199",,"1","1"
"438","PP0438","Cochin-Dar es Salaam","14","22","2823",,"1","1"
"439","PP0439","Cochin-Mombasa","14","23","2632",,"1","1"
"440","PP0440","Cochin-Port Louis","14","24","2815",,"1","1"
"441","PP0441","Cochin-Toamasina","14","25","3155",,"1","1"
"442","PP0442","Cochin-Victoria","14","26","2076",,"1","1"
"443","PP0443","Cochin-Port Saint Denis","14","27","3019",,"1","1"
"444","PP0444","Cochin-Djibouti","14","28","2047",,"1","1"
"445","PP0445","Cochin-Penang","14","29","1678",,"1","1"
"446","PP0446","Cochin-Port Klang","14","30","1817",,"1","1"
"447","PP0447","Cochin-Singapore","14","31","2047",,"1","1"
"448","PP0448","Cochin-Tanjung Pelepas","14","32","1990",,"1","1"
"449","PP0449","Colombo-Abu Dhabi","15","1","2357",,"1","1"
"450","PP0450","Colombo-SITRA","15","2","2507",,"1","1"
"451","PP0451","Colombo-Bandar Abbas","15","3","2207",,"1","1"
"452","PP0452","Colombo-Sharjah","15","4","2276",,"1","1"
"453","PP0453","Colombo-Aden","15","5","7708",,"1","1"
"454","PP0454","Colombo-Dammam","15","6","2572",,"1","1"
"455","PP0455","Colombo-Hodeidah","15","7","2476",,"1","1"
"456","PP0456","Colombo-Jeddah","15","8","3015",,"1","1"
"457","PP0457","Colombo-Muscat. Oman","15","9","1921",,"1","1"
"458","PP0458","Colombo-Salalah","15","10","1920",,"1","1"
"459","PP0459","Colombo-Sohar","15","11","2033",,"1","1"
"460","PP0460","Colombo-Chennai","15","12","401",,"1","1"
"461","PP0461","Colombo-Chittagong","15","13","1515",,"1","1"
"462","PP0462","Colombo-Cochin","15","14","353",,"1","1"
"463","PP0463","Colombo-Colombo","15","15","0",,"1","1"
"464","PP0464","Colombo-Haldia ","15","16","1269",,"1","1"
"465","PP0465","Colombo-Jawaharlal Nehru","15","17","943",,"1","1"
"466","PP0466","Colombo-Kandla","15","18","1395",,"1","1"
"467","PP0467","Colombo-Kolkata","15","19","1292",,"1","1"
"468","PP0468","Colombo-Pipavav","15","20","1131",,"1","1"
"469","PP0469","Colombo-Port Qasim","15","21","1531",,"1","1"
"470","PP0470","Colombo-Dar es Salaam","15","22","2933",,"1","1"
"471","PP0471","Colombo-Mombasa","15","23","2742",,"1","1"
"472","PP0472","Colombo-Port Louis","15","24","2735",,"1","1"
"473","PP0473","Colombo-Toamasina","15","25","3075",,"1","1"
"474","PP0474","Colombo-Victoria","15","26","1996",,"1","1"
"475","PP0475","Colombo-Port Saint Denis","15","27","2938",,"1","1"
"476","PP0476","Colombo-Djibouti","15","28","2360",,"1","1"
"477","PP0477","Colombo-Penang","15","29","1325",,"1","1"
"478","PP0478","Colombo-Port Klang","15","30","1464",,"1","1"
"479","PP0479","Colombo-Singapore","15","31","1695",,"1","1"
"480","PP0480","Colombo-Tanjung Pelepas","15","32","1637",,"1","1"
"481","PP0481","Haldia -Abu Dhabi","16","1","3488",,"1","1"
"482","PP0482","Haldia -SITRA","16","2","3637",,"1","1"
"483","PP0483","Haldia -Bandar Abbas","16","3","3337",,"1","1"
"484","PP0484","Haldia -Sharjah","16","4","3407",,"1","1"
"485","PP0485","Haldia -Aden","16","5","8852",,"1","1"
"486","PP0486","Haldia -Dammam","16","6","3702",,"1","1"
"487","PP0487","Haldia -Hodeidah","16","7","3620",,"1","1"
"488","PP0488","Haldia -Jeddah","16","8","4159",,"1","1"
"489","PP0489","Haldia -Muscat. Oman","16","9","3051",,"1","1"
"490","PP0490","Haldia -Salalah","16","10","3050",,"1","1"
"491","PP0491","Haldia -Sohar","16","11","3163",,"1","1"
"492","PP0492","Haldia -Chennai","16","12","867",,"1","1"
"493","PP0493","Haldia -Chittagong","16","13","338",,"1","1"
"494","PP0494","Haldia -Cochin","16","14","1483",,"1","1"
"495","PP0495","Haldia -Colombo","16","15","1269",,"1","1"
"496","PP0496","Haldia -Haldia ","16","16","0",,"1","1"
"497","PP0497","Haldia -Jawaharlal Nehru","16","17","2073",,"1","1"
"498","PP0498","Haldia -Kandla","16","18","2525",,"1","1"
"499","PP0499","Haldia -Kolkata","16","19","23",,"1","1"
"500","PP0500","Haldia -Pipavav","16","20","2261",,"1","1"
"501","PP0501","Haldia -Port Qasim","16","21","2661",,"1","1"
"502","PP0502","Haldia -Dar es Salaam","16","22","4148",,"1","1"
"503","PP0503","Haldia -Mombasa","16","23","3958",,"1","1"
"504","PP0504","Haldia -Port Louis","16","24","3934",,"1","1"
"505","PP0505","Haldia -Toamasina","16","25","4274",,"1","1"
"506","PP0506","Haldia -Victoria","16","26","3195",,"1","1"
"507","PP0507","Haldia -Port Saint Denis","16","27","4137",,"1","1"
"508","PP0508","Haldia -Djibouti","16","28","3504",,"1","1"
"509","PP0509","Haldia -Penang","16","29","1616",,"1","1"
"510","PP0510","Haldia -Port Klang","16","30","1756",,"1","1"
"511","PP0511","Haldia -Singapore","16","31","1986",,"1","1"
"512","PP0512","Haldia -Tanjung Pelepas","16","32","1929",,"1","1"
"513","PP0513","Jawaharlal Nehru-Abu Dhabi","17","1","1416",,"1","1"
"514","PP0514","Jawaharlal Nehru-SITRA","17","2","1565",,"1","1"
"515","PP0515","Jawaharlal Nehru-Bandar Abbas","17","3","1265",,"1","1"
"516","PP0516","Jawaharlal Nehru-Sharjah","17","4","1335",,"1","1"
"517","PP0517","Jawaharlal Nehru-Aden","17","5","7208",,"1","1"
"518","PP0518","Jawaharlal Nehru-Dammam","17","6","1630",,"1","1"
"519","PP0519","Jawaharlal Nehru-Hodeidah","17","7","1977",,"1","1"
"520","PP0520","Jawaharlal Nehru-Jeddah","17","8","2515",,"1","1"
"521","PP0521","Jawaharlal Nehru-Muscat. Oman","17","9","979",,"1","1"
"522","PP0522","Jawaharlal Nehru-Salalah","17","10","1143",,"1","1"
"523","PP0523","Jawaharlal Nehru-Sohar","17","11","1091",,"1","1"
"524","PP0524","Jawaharlal Nehru-Chennai","17","12","1206",,"1","1"
"525","PP0525","Jawaharlal Nehru-Chittagong","17","13","2319",,"1","1"
"526","PP0526","Jawaharlal Nehru-Cochin","17","14","611",,"1","1"
"527","PP0527","Jawaharlal Nehru-Colombo","17","15","943",,"1","1"
"528","PP0528","Jawaharlal Nehru-Haldia ","17","16","2074",,"1","1"
"529","PP0529","Jawaharlal Nehru-Jawaharlal Nehru","17","17","0",,"1","1"
"530","PP0530","Jawaharlal Nehru-Kandla","17","18","453",,"1","1"
"531","PP0531","Jawaharlal Nehru-Kolkata","17","19","2096",,"1","1"
"532","PP0532","Jawaharlal Nehru-Pipavav","17","20","189",,"1","1"
"533","PP0533","Jawaharlal Nehru-Port Qasim","17","21","589",,"1","1"
"534","PP0534","Jawaharlal Nehru-Dar es Salaam","17","22","3043",,"1","1"
"535","PP0535","Jawaharlal Nehru-Mombasa","17","23","2853",,"1","1"
"536","PP0536","Jawaharlal Nehru-Port Louis","17","24","3198",,"1","1"
"537","PP0537","Jawaharlal Nehru-Toamasina","17","25","3443",,"1","1"
"538","PP0538","Jawaharlal Nehru-Victoria","17","26","2396",,"1","1"
"539","PP0539","Jawaharlal Nehru-Port Saint Denis","17","27","3362",,"1","1"
"540","PP0540","Jawaharlal Nehru-Djibouti","17","28","1913",,"1","1"
"541","PP0541","Jawaharlal Nehru-Penang","17","29","2268",,"1","1"
"542","PP0542","Jawaharlal Nehru-Port Klang","17","30","2407",,"1","1"
"543","PP0543","Jawaharlal Nehru-Singapore","17","31","2637",,"1","1"
"544","PP0544","Jawaharlal Nehru-Tanjung Pelepas","17","32","2580",,"1","1"
"545","PP0545","Kandla-Abu Dhabi","18","1","1130",,"1","1"
"546","PP0546","Kandla-SITRA","18","2","1279",,"1","1"
"547","PP0547","Kandla-Bandar Abbas","18","3","980",,"1","1"
"548","PP0548","Kandla-Sharjah","18","4","1049",,"1","1"
"549","PP0549","Kandla-Aden","18","5","7213",,"1","1"
"550","PP0550","Kandla-Dammam","18","6","1344",,"1","1"
"551","PP0551","Kandla-Hodeidah","18","7","1981",,"1","1"
"552","PP0552","Kandla-Jeddah","18","8","2520",,"1","1"
"553","PP0553","Kandla-Muscat. Oman","18","9","694",,"1","1"
"554","PP0554","Kandla-Salalah","18","10","1148",,"1","1"
"555","PP0555","Kandla-Sohar","18","11","807",,"1","1"
"556","PP0556","Kandla-Chennai","18","12","1658",,"1","1"
"557","PP0557","Kandla-Chittagong","18","13","2771",,"1","1"
"558","PP0558","Kandla-Cochin","18","14","1063",,"1","1"
"559","PP0559","Kandla-Colombo","18","15","1395",,"1","1"
"560","PP0560","Kandla-Haldia ","18","16","2526",,"1","1"
"561","PP0561","Kandla-Jawaharlal Nehru","18","17","453",,"1","1"
"562","PP0562","Kandla-Kandla","18","18","0",,"1","1"
"563","PP0563","Kandla-Kolkata","18","19","2548",,"1","1"
"564","PP0564","Kandla-Pipavav","18","20","309",,"1","1"
"565","PP0565","Kandla-Port Qasim","18","21","303",,"1","1"
"566","PP0566","Kandla-Dar es Salaam","18","22","3048",,"1","1"
"567","PP0567","Kandla-Mombasa","18","23","2857",,"1","1"
"568","PP0568","Kandla-Port Louis","18","24","3209",,"1","1"
"569","PP0569","Kandla-Toamasina","18","25","3448",,"1","1"
"570","PP0570","Kandla-Victoria","18","26","2401",,"1","1"
"571","PP0571","Kandla-Port Saint Denis","18","27","3367",,"1","1"
"572","PP0572","Kandla-Djibouti","18","28","1918",,"1","1"
"573","PP0573","Kandla-Penang","18","29","2720",,"1","1"
"574","PP0574","Kandla-Port Klang","18","30","2859",,"1","1"
"575","PP0575","Kandla-Singapore","18","31","3089",,"1","1"
"576","PP0576","Kandla-Tanjung Pelepas","18","32","3032",,"1","1"
"577","PP0577","Kolkata-Abu Dhabi","19","1","3511",,"1","1"
"578","PP0578","Kolkata-SITRA","19","2","3660",,"1","1"
"579","PP0579","Kolkata-Bandar Abbas","19","3","3360",,"1","1"
"580","PP0580","Kolkata-Sharjah","19","4","3430",,"1","1"
"581","PP0581","Kolkata-Aden","19","5","8875",,"1","1"
"582","PP0582","Kolkata-Dammam","19","6","3725",,"1","1"
"583","PP0583","Kolkata-Hodeidah","19","7","3643",,"1","1"
"584","PP0584","Kolkata-Jeddah","19","8","4181",,"1","1"
"585","PP0585","Kolkata-Muscat. Oman","19","9","3074",,"1","1"
"586","PP0586","Kolkata-Salalah","19","10","3073",,"1","1"
"587","PP0587","Kolkata-Sohar","19","11","3186",,"1","1"
"588","PP0588","Kolkata-Chennai","19","12","890",,"1","1"
"589","PP0589","Kolkata-Chittagong","19","13","361",,"1","1"
"590","PP0590","Kolkata-Cochin","19","14","1506",,"1","1"
"591","PP0591","Kolkata-Colombo","19","15","1292",,"1","1"
"592","PP0592","Kolkata-Haldia ","19","16","23",,"1","1"
"593","PP0593","Kolkata-Jawaharlal Nehru","19","17","2096",,"1","1"
"594","PP0594","Kolkata-Kandla","19","18","2548",,"1","1"
"595","PP0595","Kolkata-Kolkata","19","19","0",,"1","1"
"596","PP0596","Kolkata-Pipavav","19","20","2284",,"1","1"
"597","PP0597","Kolkata-Port Qasim","19","21","2684",,"1","1"
"598","PP0598","Kolkata-Dar es Salaam","19","22","4171",,"1","1"
"599","PP0599","Kolkata-Mombasa","19","23","3981",,"1","1"
"600","PP0600","Kolkata-Port Louis","19","24","3957",,"1","1"
"601","PP0601","Kolkata-Toamasina","19","25","4296",,"1","1"
"602","PP0602","Kolkata-Victoria","19","26","3218",,"1","1"
"603","PP0603","Kolkata-Port Saint Denis","19","27","4160",,"1","1"
"604","PP0604","Kolkata-Djibouti","19","28","3527",,"1","1"
"605","PP0605","Kolkata-Penang","19","29","1639",,"1","1"
"606","PP0606","Kolkata-Port Klang","19","30","1778",,"1","1"
"607","PP0607","Kolkata-Singapore","19","31","2009",,"1","1"
"608","PP0608","Kolkata-Tanjung Pelepas","19","32","1952",,"1","1"
"609","PP0609","Pipavav-Abu Dhabi","20","1","1272",,"1","1"
"610","PP0610","Pipavav-SITRA","20","2","1421",,"1","1"
"611","PP0611","Pipavav-Bandar Abbas","20","3","1121",,"1","1"
"612","PP0612","Pipavav-Sharjah","20","4","1191",,"1","1"
"613","PP0613","Pipavav-Aden","20","5","7223",,"1","1"
"614","PP0614","Pipavav-Dammam","20","6","1486",,"1","1"
"615","PP0615","Pipavav-Hodeidah","20","7","1991",,"1","1"
"616","PP0616","Pipavav-Jeddah","20","8","2530",,"1","1"
"617","PP0617","Pipavav-Muscat. Oman","20","9","835",,"1","1"
"618","PP0618","Pipavav-Salalah","20","10","1158",,"1","1"
"619","PP0619","Pipavav-Sohar","20","11","947",,"1","1"
"620","PP0620","Pipavav-Chennai","20","12","1394",,"1","1"
"621","PP0621","Pipavav-Chittagong","20","13","2507",,"1","1"
"622","PP0622","Pipavav-Cochin","20","14","799",,"1","1"
"623","PP0623","Pipavav-Colombo","20","15","1131",,"1","1"
"624","PP0624","Pipavav-Haldia ","20","16","2262",,"1","1"
"625","PP0625","Pipavav-Jawaharlal Nehru","20","17","189",,"1","1"
"626","PP0626","Pipavav-Kandla","20","18","309",,"1","1"
"627","PP0627","Pipavav-Kolkata","20","19","2284",,"1","1"
"628","PP0628","Pipavav-Pipavav","20","20","0",,"1","1"
"629","PP0629","Pipavav-Port Qasim","20","21","445",,"1","1"
"630","PP0630","Pipavav-Dar es Salaam","20","22","3057",,"1","1"
"631","PP0631","Pipavav-Mombasa","20","23","2867",,"1","1"
"632","PP0632","Pipavav-Port Louis","20","24","3218",,"1","1"
"633","PP0633","Pipavav-Toamasina","20","25","3458",,"1","1"
"634","PP0634","Pipavav-Victoria","20","26","2411",,"1","1"
"635","PP0635","Pipavav-Port Saint Denis","20","27","3376",,"1","1"
"636","PP0636","Pipavav-Djibouti","20","28","1928",,"1","1"
"637","PP0637","Pipavav-Penang","20","29","2456",,"1","1"
"638","PP0638","Pipavav-Port Klang","20","30","2595",,"1","1"
"639","PP0639","Pipavav-Singapore","20","31","2826",,"1","1"
"640","PP0640","Pipavav-Tanjung Pelepas","20","32","2768",,"1","1"
"641","PP0641","Port Qasim-Abu Dhabi","21","1","827",,"1","1"
"642","PP0642","Port Qasim-SITRA","21","2","976",,"1","1"
"643","PP0643","Port Qasim-Bandar Abbas","21","3","676",,"1","1"
"644","PP0644","Port Qasim-Sharjah","21","4","746",,"1","1"
"645","PP0645","Port Qasim-Aden","21","5","7092",,"1","1"
"646","PP0646","Port Qasim-Dammam","21","6","1041",,"1","1"
"647","PP0647","Port Qasim-Hodeidah","21","7","1860",,"1","1"
"648","PP0648","Port Qasim-Jeddah","21","8","2399",,"1","1"
"649","PP0649","Port Qasim-Muscat. Oman","21","9","480",,"1","1"
"650","PP0650","Port Qasim-Salalah","21","10","1027",,"1","1"
"651","PP0651","Port Qasim-Sohar","21","11","591",,"1","1"
"652","PP0652","Port Qasim-Chennai","21","12","1794",,"1","1"
"653","PP0653","Port Qasim-Chittagong","21","13","2907",,"1","1"
"654","PP0654","Port Qasim-Cochin","21","14","1199",,"1","1"
"655","PP0655","Port Qasim-Colombo","21","15","1531",,"1","1"
"656","PP0656","Port Qasim-Haldia ","21","16","2661",,"1","1"
"657","PP0657","Port Qasim-Jawaharlal Nehru","21","17","589",,"1","1"
"658","PP0658","Port Qasim-Kandla","21","18","303",,"1","1"
"659","PP0659","Port Qasim-Kolkata","21","19","2684",,"1","1"
"660","PP0660","Port Qasim-Pipavav","21","20","445",,"1","1"
"661","PP0661","Port Qasim-Port Qasim","21","21","0",,"1","1"
"662","PP0662","Port Qasim-Dar es Salaam","21","22","2926",,"1","1"
"663","PP0663","Port Qasim-Mombasa","21","23","2736",,"1","1"
"664","PP0664","Port Qasim-Port Louis","21","24","3087",,"1","1"
"665","PP0665","Port Qasim-Toamasina","21","25","3327",,"1","1"
"666","PP0666","Port Qasim-Victoria","21","26","2280",,"1","1"
"667","PP0667","Port Qasim-Port Saint Denis","21","27","3245",,"1","1"
"668","PP0668","Port Qasim-Djibouti","21","28","1797",,"1","1"
"669","PP0669","Port Qasim-Penang","21","29","2856",,"1","1"
"670","PP0670","Port Qasim-Port Klang","21","30","2995",,"1","1"
"671","PP0671","Port Qasim-Singapore","21","31","3225",,"1","1"
"672","PP0672","Port Qasim-Tanjung Pelepas","21","32","3168",,"1","1"
"673","PP0673","Dar es Salaam-Abu Dhabi","22","1","2979",,"1","1"
"674","PP0674","Dar es Salaam-SITRA","22","2","976",,"1","1"
"675","PP0675","Dar es Salaam-Bandar Abbas","22","3","2842",,"1","1"
"676","PP0676","Dar es Salaam-Sharjah","22","4","2899",,"1","1"
"677","PP0677","Dar es Salaam-Aden","22","5","7345",,"1","1"
"678","PP0678","Dar es Salaam-Dammam","22","6","3207",,"1","1"
"679","PP0679","Dar es Salaam-Hodeidah","22","7","2113",,"1","1"
"680","PP0680","Dar es Salaam-Jeddah","22","8","2652",,"1","1"
"681","PP0681","Dar es Salaam-Muscat. Oman","22","9","2587",,"1","1"
"682","PP0682","Dar es Salaam-Salalah","22","10","1900",,"1","1"
"683","PP0683","Dar es Salaam-Sohar","22","11","2635",,"1","1"
"684","PP0684","Dar es Salaam-Chennai","22","12","3281",,"1","1"
"685","PP0685","Dar es Salaam-Chittagong","22","13","4394",,"1","1"
"686","PP0686","Dar es Salaam-Cochin","22","14","2823",,"1","1"
"687","PP0687","Dar es Salaam-Colombo","22","15","2933",,"1","1"
"688","PP0688","Dar es Salaam-Haldia ","22","16","4149",,"1","1"
"689","PP0689","Dar es Salaam-Jawaharlal Nehru","22","17","3043",,"1","1"
"690","PP0690","Dar es Salaam-Kandla","22","18","3048",,"1","1"
"691","PP0691","Dar es Salaam-Kolkata","22","19","4171",,"1","1"
"692","PP0692","Dar es Salaam-Pipavav","22","20","3057",,"1","1"
"693","PP0693","Dar es Salaam-Port Qasim","22","21","2926",,"1","1"
"694","PP0694","Dar es Salaam-Dar es Salaam","22","22","0",,"1","1"
"695","PP0695","Dar es Salaam-Mombasa","22","23","223",,"1","1"
"696","PP0696","Dar es Salaam-Port Louis","22","24","1692",,"1","1"
"697","PP0697","Dar es Salaam-Toamasina","22","25","1182",,"1","1"
"698","PP0698","Dar es Salaam-Victoria","22","26","1040",,"1","1"
"699","PP0699","Dar es Salaam-Port Saint Denis","22","27","1618",,"1","1"
"700","PP0700","Dar es Salaam-Djibouti","22","28","1997",,"1","1"
"701","PP0701","Dar es Salaam-Penang","22","29","4146",,"1","1"
"702","PP0702","Dar es Salaam-Port Klang","22","30","4285",,"1","1"
"703","PP0703","Dar es Salaam-Singapore","22","31","4515",,"1","1"
"704","PP0704","Dar es Salaam-Tanjung Pelepas","22","32","4458",,"1","1"
"705","PP0705","Mombasa-Abu Dhabi","23","1","2789",,"1","1"
"706","PP0706","Mombasa-SITRA","23","2","3129",,"1","1"
"707","PP0707","Mombasa-Bandar Abbas","23","3","2652",,"1","1"
"708","PP0708","Mombasa-Sharjah","23","4","2708",,"1","1"
"709","PP0709","Mombasa-Aden","23","5","7154",,"1","1"
"710","PP0710","Mombasa-Dammam","23","6","3017",,"1","1"
"711","PP0711","Mombasa-Hodeidah","23","7","1923",,"1","1"
"712","PP0712","Mombasa-Jeddah","23","8","2462",,"1","1"
"713","PP0713","Mombasa-Muscat. Oman","23","9","2397",,"1","1"
"714","PP0714","Mombasa-Salalah","23","10","1709",,"1","1"
"715","PP0715","Mombasa-Sohar","23","11","2444",,"1","1"
"716","PP0716","Mombasa-Chennai","23","12","3091",,"1","1"
"717","PP0717","Mombasa-Chittagong","23","13","4204",,"1","1"
"718","PP0718","Mombasa-Cochin","23","14","2632",,"1","1"
"719","PP0719","Mombasa-Colombo","23","15","2742",,"1","1"
"720","PP0720","Mombasa-Haldia ","23","16","3958",,"1","1"
"721","PP0721","Mombasa-Jawaharlal Nehru","23","17","2853",,"1","1"
"722","PP0722","Mombasa-Kandla","23","18","2857",,"1","1"
"723","PP0723","Mombasa-Kolkata","23","19","3981",,"1","1"
"724","PP0724","Mombasa-Pipavav","23","20","2867",,"1","1"
"725","PP0725","Mombasa-Port Qasim","23","21","2736",,"1","1"
"726","PP0726","Mombasa-Dar es Salaam","23","22","223",,"1","1"
"727","PP0727","Mombasa-Mombasa","23","23","0",,"1","1"
"728","PP0728","Mombasa-Port Louis","23","24","1692",,"1","1"
"729","PP0729","Mombasa-Toamasina","23","25","1349",,"1","1"
"730","PP0730","Mombasa-Victoria","23","26","973",,"1","1"
"731","PP0731","Mombasa-Port Saint Denis","23","27","1785",,"1","1"
"732","PP0732","Mombasa-Djibouti","23","28","1807",,"1","1"
"733","PP0733","Mombasa-Penang","23","29","3955",,"1","1"
"734","PP0734","Mombasa-Port Klang","23","30","4095",,"1","1"
"735","PP0735","Mombasa-Singapore","23","31","4325",,"1","1"
"736","PP0736","Mombasa-Tanjung Pelepas","23","32","4268",,"1","1"
"737","PP0737","Port Louis-Abu Dhabi","24","1","3140",,"1","1"
"738","PP0738","Port Louis-SITRA","24","2","3289",,"1","1"
"739","PP0739","Port Louis-Bandar Abbas","24","3","3003",,"1","1"
"740","PP0740","Port Louis-Sharjah","24","4","3059",,"1","1"
"741","PP0741","Port Louis-Aden","24","5","8014",,"1","1"
"742","PP0742","Port Louis-Dammam","24","6","3368",,"1","1"
"743","PP0743","Port Louis-Hodeidah","24","7","2782",,"1","1"
"744","PP0744","Port Louis-Jeddah","24","8","3321",,"1","1"
"745","PP0745","Port Louis-Muscat. Oman","24","9","2748",,"1","1"
"746","PP0746","Port Louis-Salalah","24","10","2367",,"1","1"
"747","PP0747","Port Louis-Sohar","24","11","2795",,"1","1"
"748","PP0748","Port Louis-Chennai","24","12","3079",,"1","1"
"749","PP0749","Port Louis-Chittagong","24","13","4132",,"1","1"
"750","PP0750","Port Louis-Cochin","24","14","2771",,"1","1"
"751","PP0751","Port Louis-Colombo","24","15","2691",,"1","1"
"752","PP0752","Port Louis-Haldia ","24","16","3889",,"1","1"
"753","PP0753","Port Louis-Jawaharlal Nehru","24","17","3175",,"1","1"
"754","PP0754","Port Louis-Kandla","24","18","3209",,"1","1"
"755","PP0755","Port Louis-Kolkata","24","19","3912",,"1","1"
"756","PP0756","Port Louis-Pipavav","24","20","3218",,"1","1"
"757","PP0757","Port Louis-Port Qasim","24","21","3087",,"1","1"
"758","PP0758","Port Louis-Dar es Salaam","24","22","1686",,"1","1"
"759","PP0759","Port Louis-Mombasa","24","23","1853",,"1","1"
"760","PP0760","Port Louis-Port Louis","24","24","0",,"1","1"
"761","PP0761","Port Louis-Toamasina","24","25","582",,"1","1"
"762","PP0762","Port Louis-Victoria","24","26","1040",,"1","1"
"763","PP0763","Port Louis-Port Saint Denis","24","27","197",,"1","1"
"764","PP0764","Port Louis-Djibouti","24","28","2666",,"1","1"
"765","PP0765","Port Louis-Penang","24","29","3864",,"1","1"
"766","PP0766","Port Louis-Port Klang","24","30","4001",,"1","1"
"767","PP0767","Port Louis-Singapore","24","31","4234",,"1","1"
"768","PP0768","Port Louis-Tanjung Pelepas","24","32","4177",,"1","1"
"769","PP0769","Toamasina-Abu Dhabi","25","1","3380",,"1","1"
"770","PP0770","Toamasina-SITRA","25","2","3529",,"1","1"
"771","PP0771","Toamasina-Bandar Abbas","25","3","3243",,"1","1"
"772","PP0772","Toamasina-Sharjah","25","4","3299",,"1","1"
"773","PP0773","Toamasina-Aden","25","5","7745",,"1","1"
"774","PP0774","Toamasina-Dammam","25","6","3607",,"1","1"
"775","PP0775","Toamasina-Hodeidah","25","7","2513",,"1","1"
"776","PP0776","Toamasina-Jeddah","25","8","3052",,"1","1"
"777","PP0777","Toamasina-Muscat. Oman","25","9","2987",,"1","1"
"778","PP0778","Toamasina-Salalah","25","10","2300",,"1","1"
"779","PP0779","Toamasina-Sohar","25","11","3035",,"1","1"
"780","PP0780","Toamasina-Chennai","25","12","3424",,"1","1"
"781","PP0781","Toamasina-Chittagong","25","13","4480",,"1","1"
"782","PP0782","Toamasina-Cochin","25","14","3116",,"1","1"
"783","PP0783","Toamasina-Colombo","25","15","3042",,"1","1"
"784","PP0784","Toamasina-Haldia ","25","16","4234",,"1","1"
"785","PP0785","Toamasina-Jawaharlal Nehru","25","17","3443",,"1","1"
"786","PP0786","Toamasina-Kandla","25","18","3448",,"1","1"
"787","PP0787","Toamasina-Kolkata","25","19","4257",,"1","1"
"788","PP0788","Toamasina-Pipavav","25","20","3458",,"1","1"
"789","PP0789","Toamasina-Port Qasim","25","21","3327",,"1","1"
"790","PP0790","Toamasina-Dar es Salaam","25","22","1182",,"1","1"
"791","PP0791","Toamasina-Mombasa","25","23","1349",,"1","1"
"792","PP0792","Toamasina-Port Louis","25","24","580",,"1","1"
"793","PP0793","Toamasina-Toamasina","25","25","0",,"1","1"
"794","PP0794","Toamasina-Victoria","25","26","1071",,"1","1"
"795","PP0795","Toamasina-Port Saint Denis","25","27","508",,"1","1"
"796","PP0796","Toamasina-Djibouti","25","28","2397",,"1","1"
"797","PP0797","Toamasina-Penang","25","29","3864",,"1","1"
"798","PP0798","Toamasina-Port Klang","25","30","4348",,"1","1"
"799","PP0799","Toamasina-Singapore","25","31","4577",,"1","1"
"800","PP0800","Toamasina-Tanjung Pelepas","25","32","4521",,"1","1"
"801","PP0801","Victoria-Abu Dhabi","26","1","-1",,"1","1"
"802","PP0802","Victoria-SITRA","26","2","2482",,"1","1"
"803","PP0803","Victoria-Bandar Abbas","26","3","2196",,"1","1"
"804","PP0804","Victoria-Sharjah","26","4","2252",,"1","1"
"805","PP0805","Victoria-Aden","26","5","7014",,"1","1"
"806","PP0806","Victoria-Dammam","26","6","2560",,"1","1"
"807","PP0807","Victoria-Hodeidah","26","7","1783",,"1","1"
"808","PP0808","Victoria-Jeddah","26","8","2321",,"1","1"
"809","PP0809","Victoria-Muscat. Oman","26","9","1940",,"1","1"
"810","PP0810","Victoria-Salalah","26","10","1367",,"1","1"
"811","PP0811","Victoria-Sohar","26","11","1988",,"1","1"
"812","PP0812","Victoria-Chennai","26","12","2382",,"1","1"
"813","PP0813","Victoria-Chittagong","26","13","3438",,"1","1"
"814","PP0814","Victoria-Cochin","26","14","3116",,"1","1"
"815","PP0815","Victoria-Colombo","26","15","1994",,"1","1"
"816","PP0816","Victoria-Haldia ","26","16","3192",,"1","1"
"817","PP0817","Victoria-Jawaharlal Nehru","26","17","2396",,"1","1"
"818","PP0818","Victoria-Kandla","26","18","2401",,"1","1"
"819","PP0819","Victoria-Kolkata","26","19","3215",,"1","1"
"820","PP0820","Victoria-Pipavav","26","20","2411",,"1","1"
"821","PP0821","Victoria-Port Qasim","26","21","2280",,"1","1"
"822","PP0822","Victoria-Dar es Salaam","26","22","1043",,"1","1"
"823","PP0823","Victoria-Mombasa","26","23","974",,"1","1"
"824","PP0824","Victoria-Port Louis","26","24","1046",,"1","1"
"825","PP0825","Victoria-Toamasina","26","25","1078",,"1","1"
"826","PP0826","Victoria-Victoria","26","26","0",,"1","1"
"827","PP0827","Victoria-Port Saint Denis","26","27","968",,"1","1"
"828","PP0828","Victoria-Djibouti","26","28","1667",,"1","1"
"829","PP0829","Victoria-Penang","26","29","-1",,"1","1"
"830","PP0830","Victoria-Port Klang","26","30","3306",,"1","1"
"831","PP0831","Victoria-Singapore","26","31","-1",,"1","1"
"832","PP0832","Victoria-Tanjung Pelepas","26","32","3479",,"1","1"
"833","PP0833","Port Saint Denis-Abu Dhabi","27","1","3299",,"1","1"
"834","PP0834","Port Saint Denis-SITRA","27","2","3448",,"1","1"
"835","PP0835","Port Saint Denis-Bandar Abbas","27","3","3162",,"1","1"
"836","PP0836","Port Saint Denis-Sharjah","27","4","3218",,"1","1"
"837","PP0837","Port Saint Denis-Aden","27","5","7983",,"1","1"
"838","PP0838","Port Saint Denis-Dammam","27","6","3526",,"1","1"
"839","PP0839","Port Saint Denis-Hodeidah","27","7","2751",,"1","1"
"840","PP0840","Port Saint Denis-Jeddah","27","8","3290",,"1","1"
"841","PP0841","Port Saint Denis-Muscat. Oman","27","9","2906",,"1","1"
"842","PP0842","Port Saint Denis-Salalah","27","10","2335",,"1","1"
"843","PP0843","Port Saint Denis-Sohar","27","11","2954",,"1","1"
"844","PP0844","Port Saint Denis-Chennai","27","12","3261",,"1","1"
"845","PP0845","Port Saint Denis-Chittagong","27","13","4316",,"1","1"
"846","PP0846","Port Saint Denis-Cochin","27","14","2952",,"1","1"
"847","PP0847","Port Saint Denis-Colombo","27","15","2874",,"1","1"
"848","PP0848","Port Saint Denis-Haldia ","27","16","4071",,"1","1"
"849","PP0849","Port Saint Denis-Jawaharlal Nehru","27","17","3362",,"1","1"
"850","PP0850","Port Saint Denis-Kandla","27","18","3367",,"1","1"
"851","PP0851","Port Saint Denis-Kolkata","27","19","4093",,"1","1"
"852","PP0852","Port Saint Denis-Pipavav","27","20","3376",,"1","1"
"853","PP0853","Port Saint Denis-Port Qasim","27","21","3245",,"1","1"
"854","PP0854","Port Saint Denis-Dar es Salaam","27","22","1610",,"1","1"
"855","PP0855","Port Saint Denis-Mombasa","27","23","1777",,"1","1"
"856","PP0856","Port Saint Denis-Port Louis","27","24","197",,"1","1"
"857","PP0857","Port Saint Denis-Toamasina","27","25","505",,"1","1"
"858","PP0858","Port Saint Denis-Victoria","27","26","968",,"1","1"
"859","PP0859","Port Saint Denis-Port Saint Denis","27","27","0",,"1","1"
"860","PP0860","Port Saint Denis-Djibouti","27","28","2635",,"1","1"
"861","PP0861","Port Saint Denis-Penang","27","29","4045",,"1","1"
"862","PP0862","Port Saint Denis-Port Klang","27","30","4185",,"1","1"
"863","PP0863","Port Saint Denis-Singapore","27","31","4415",,"1","1"
"864","PP0864","Port Saint Denis-Tanjung Pelepas","27","32","4358",,"1","1"
"865","PP0865","Djibouti-Abu Dhabi","28","1","1850",,"1","1"
"866","PP0866","Djibouti-SITRA","28","2","1999",,"1","1"
"867","PP0867","Djibouti-Bandar Abbas","28","3","1713",,"1","1"
"868","PP0868","Djibouti-Sharjah","28","4","1769",,"1","1"
"869","PP0869","Djibouti-Aden","28","5","5433",,"1","1"
"870","PP0870","Djibouti-Dammam","28","6","2078",,"1","1"
"871","PP0871","Djibouti-Hodeidah","28","7","202",,"1","1"
"872","PP0872","Djibouti-Jeddah","28","8","740",,"1","1"
"873","PP0873","Djibouti-Muscat. Oman","28","9","1458",,"1","1"
"874","PP0874","Djibouti-Salalah","28","10","770",,"1","1"
"875","PP0875","Djibouti-Sohar","28","11","1505",,"1","1"
"876","PP0876","Djibouti-Chennai","28","12","2636",,"1","1"
"877","PP0877","Djibouti-Chittagong","28","13","3750",,"1","1"
"878","PP0878","Djibouti-Cochin","28","14","2047",,"1","1"
"879","PP0879","Djibouti-Colombo","28","15","2360",,"1","1"
"880","PP0880","Djibouti-Haldia ","28","16","3504",,"1","1"
"881","PP0881","Djibouti-Jawaharlal Nehru","28","17","1913",,"1","1"
"882","PP0882","Djibouti-Kandla","28","18","1918",,"1","1"
"883","PP0883","Djibouti-Kolkata","28","19","3527",,"1","1"
"884","PP0884","Djibouti-Pipavav","28","20","1928",,"1","1"
"885","PP0885","Djibouti-Port Qasim","28","21","1797",,"1","1"
"886","PP0886","Djibouti-Dar es Salaam","28","22","1997",,"1","1"
"887","PP0887","Djibouti-Mombasa","28","23","1807",,"1","1"
"888","PP0888","Djibouti-Port Louis","28","24","2666",,"1","1"
"889","PP0889","Djibouti-Toamasina","28","25","2397",,"1","1"
"890","PP0890","Djibouti-Victoria","28","26","1667",,"1","1"
"891","PP0891","Djibouti-Port Saint Denis","28","27","2635",,"1","1"
"892","PP0892","Djibouti-Djibouti","28","28","0",,"1","1"
"893","PP0893","Djibouti-Penang","28","29","3661",,"1","1"
"894","PP0894","Djibouti-Port Klang","28","30","3800",,"1","1"
"895","PP0895","Djibouti-Singapore","28","31","4030",,"1","1"
"896","PP0896","Djibouti-Tanjung Pelepas","28","32","3973",,"1","1"
"897","PP0897","Penang-Abu Dhabi","29","1","-1",,"1","1"
"898","PP0898","Penang-SITRA","29","2","3831",,"1","1"
"899","PP0899","Penang-Bandar Abbas","29","3","3532",,"1","1"
"900","PP0900","Penang-Sharjah","29","4","3601",,"1","1"
"901","PP0901","Penang-Aden","29","5","9008",,"1","1"
"902","PP0902","Penang-Dammam","29","6","3896",,"1","1"
"903","PP0903","Penang-Hodeidah","29","7","3777",,"1","1"
"904","PP0904","Penang-Jeddah","29","8","4315",,"1","1"
"905","PP0905","Penang-Muscat. Oman","29","9","3246",,"1","1"
"906","PP0906","Penang-Salalah","29","10","3245",,"1","1"
"907","PP0907","Penang-Sohar","29","11","3358",,"1","1"
"908","PP0908","Penang-Chennai","29","12","1522",,"1","1"
"909","PP0909","Penang-Chittagong","29","13","1498",,"1","1"
"910","PP0910","Penang-Cochin","29","14","1678",,"1","1"
"911","PP0911","Penang-Colombo","29","15","1325",,"1","1"
"912","PP0912","Penang-Haldia ","29","16","1626",,"1","1"
"913","PP0913","Penang-Jawaharlal Nehru","29","17","2268",,"1","1"
"914","PP0914","Penang-Kandla","29","18","2720",,"1","1"
"915","PP0915","Penang-Kolkata","29","19","1649",,"1","1"
"916","PP0916","Penang-Pipavav","29","20","2456",,"1","1"
"917","PP0917","Penang-Port Qasim","29","21","2856",,"1","1"
"918","PP0918","Penang-Dar es Salaam","29","22","4146",,"1","1"
"919","PP0919","Penang-Mombasa","29","23","3955",,"1","1"
"920","PP0920","Penang-Port Louis","29","24","3908",,"1","1"
"921","PP0921","Penang-Toamasina","29","25","4248",,"1","1"
"922","PP0922","Penang-Victoria","29","26","-1",,"1","1"
"923","PP0923","Penang-Port Saint Denis","29","27","4112",,"1","1"
"924","PP0924","Penang-Djibouti","29","28","3661",,"1","1"
"925","PP0925","Penang-Penang","29","29","0",,"1","1"
"926","PP0926","Penang-Port Klang","29","30","139",,"1","1"
"927","PP0927","Penang-Singapore","29","31","-1",,"1","1"
"928","PP0928","Penang-Tanjung Pelepas","29","32","313",,"1","1"
"929","PP0929","Port Klang-Abu Dhabi","30","1","3822",,"1","1"
"930","PP0930","Port Klang-SITRA","30","2","3971",,"1","1"
"931","PP0931","Port Klang-Bandar Abbas","30","3","3671",,"1","1"
"932","PP0932","Port Klang-Sharjah","30","4","3741",,"1","1"
"933","PP0933","Port Klang-Aden","30","5","9147",,"1","1"
"934","PP0934","Port Klang-Dammam","30","6","4036",,"1","1"
"935","PP0935","Port Klang-Hodeidah","30","7","3916",,"1","1"
"936","PP0936","Port Klang-Jeddah","30","8","4455",,"1","1"
"937","PP0937","Port Klang-Muscat. Oman","30","9","3385",,"1","1"
"938","PP0938","Port Klang-Salalah","30","10","3384",,"1","1"
"939","PP0939","Port Klang-Sohar","30","11","3497",,"1","1"
"940","PP0940","Port Klang-Chennai","30","12","1661",,"1","1"
"941","PP0941","Port Klang-Chittagong","30","13","1638",,"1","1"
"942","PP0942","Port Klang-Cochin","30","14","1817",,"1","1"
"943","PP0943","Port Klang-Colombo","30","15","1464",,"1","1"
"944","PP0944","Port Klang-Haldia ","30","16","1765",,"1","1"
"945","PP0945","Port Klang-Jawaharlal Nehru","30","17","2407",,"1","1"
"946","PP0946","Port Klang-Kandla","30","18","2859",,"1","1"
"947","PP0947","Port Klang-Kolkata","30","19","1788",,"1","1"
"948","PP0948","Port Klang-Pipavav","30","20","2595",,"1","1"
"949","PP0949","Port Klang-Port Qasim","30","21","2995",,"1","1"
"950","PP0950","Port Klang-Dar es Salaam","30","22","4285",,"1","1"
"951","PP0951","Port Klang-Mombasa","30","23","4095",,"1","1"
"952","PP0952","Port Klang-Port Louis","30","24","4048",,"1","1"
"953","PP0953","Port Klang-Toamasina","30","25","4388",,"1","1"
"954","PP0954","Port Klang-Victoria","30","26","3309",,"1","1"
"955","PP0955","Port Klang-Port Saint Denis","30","27","4251",,"1","1"
"956","PP0956","Port Klang-Djibouti","30","28","3800",,"1","1"
"957","PP0957","Port Klang-Penang","30","29","139",,"1","1"
"958","PP0958","Port Klang-Port Klang","30","30","0",,"1","1"
"959","PP0959","Port Klang-Singapore","30","31","230",,"1","1"
"960","PP0960","Port Klang-Tanjung Pelepas","30","32","173",,"1","1"
"961","PP0961","Singapore-Abu Dhabi","31","1","-1",,"1","1"
"962","PP0962","Singapore-SITRA","31","2","4201",,"1","1"
"963","PP0963","Singapore-Bandar Abbas","31","3","3902",,"1","1"
"964","PP0964","Singapore-Sharjah","31","4","3971",,"1","1"
"965","PP0965","Singapore-Aden","31","5","9378",,"1","1"
"966","PP0966","Singapore-Dammam","31","6","4266",,"1","1"
"967","PP0967","Singapore-Hodeidah","31","7","4146",,"1","1"
"968","PP0968","Singapore-Jeddah","31","8","4685",,"1","1"
"969","PP0969","Singapore-Muscat. Oman","31","9","3616",,"1","1"
"970","PP0970","Singapore-Salalah","31","10","3614",,"1","1"
"971","PP0971","Singapore-Sohar","31","11","3728",,"1","1"
"972","PP0972","Singapore-Chennai","31","12","1891",,"1","1"
"973","PP0973","Singapore-Chittagong","31","13","1868",,"1","1"
"974","PP0974","Singapore-Cochin","31","14","2047",,"1","1"
"975","PP0975","Singapore-Colombo","31","15","1695",,"1","1"
"976","PP0976","Singapore-Haldia ","31","16","1995",,"1","1"
"977","PP0977","Singapore-Jawaharlal Nehru","31","17","2637",,"1","1"
"978","PP0978","Singapore-Kandla","31","18","3089",,"1","1"
"979","PP0979","Singapore-Kolkata","31","19","2018",,"1","1"
"980","PP0980","Singapore-Pipavav","31","20","2826",,"1","1"
"981","PP0981","Singapore-Port Qasim","31","21","3225",,"1","1"
"982","PP0982","Singapore-Dar es Salaam","31","22","4515",,"1","1"
"983","PP0983","Singapore-Mombasa","31","23","4325",,"1","1"
"984","PP0984","Singapore-Port Louis","31","24","4278",,"1","1"
"985","PP0985","Singapore-Toamasina","31","25","4618",,"1","1"
"986","PP0986","Singapore-Victoria","31","26","-1",,"1","1"
"987","PP0987","Singapore-Port Saint Denis","31","27","4481",,"1","1"
"988","PP0988","Singapore-Djibouti","31","28","4030",,"1","1"
"989","PP0989","Singapore-Penang","31","29","-1",,"1","1"
"990","PP0990","Singapore-Port Klang","31","30","230",,"1","1"
"991","PP0991","Singapore-Singapore","31","31","0",,"1","1"
"992","PP0992","Singapore-Tanjung Pelepas","31","32","57",,"1","1"
"993","PP0993","Tanjung Pelepas-Abu Dhabi","32","1","3995",,"1","1"
"994","PP0994","Tanjung Pelepas-SITRA","32","2","4144",,"1","1"
"995","PP0995","Tanjung Pelepas-Bandar Abbas","32","3","3844",,"1","1"
"996","PP0996","Tanjung Pelepas-Sharjah","32","4","3914",,"1","1"
"997","PP0997","Tanjung Pelepas-Aden","32","5","9321",,"1","1"
"998","PP0998","Tanjung Pelepas-Dammam","32","6","4209",,"1","1"
"999","PP0999","Tanjung Pelepas-Hodeidah","32","7","4089",,"1","1"
"1000","PP1000","Tanjung Pelepas-Jeddah","32","8","4628",,"1","1"
"1001","PP1001","Tanjung Pelepas-Muscat. Oman","32","9","3558",,"1","1"
"1002","PP1002","Tanjung Pelepas-Salalah","32","10","3557",,"1","1"
"1003","PP1003","Tanjung Pelepas-Sohar","32","11","3670",,"1","1"
"1004","PP1004","Tanjung Pelepas-Chennai","32","12","1834",,"1","1"
"1005","PP1005","Tanjung Pelepas-Chittagong","32","13","1811",,"1","1"
"1006","PP1006","Tanjung Pelepas-Cochin","32","14","1990",,"1","1"
"1007","PP1007","Tanjung Pelepas-Colombo","32","15","1637",,"1","1"
"1008","PP1008","Tanjung Pelepas-Haldia ","32","16","1938",,"1","1"
"1009","PP1009","Tanjung Pelepas-Jawaharlal Nehru","32","17","2580",,"1","1"
"1010","PP1010","Tanjung Pelepas-Kandla","32","18","3032",,"1","1"
"1011","PP1011","Tanjung Pelepas-Kolkata","32","19","1961",,"1","1"
"1012","PP1012","Tanjung Pelepas-Pipavav","32","20","2768",,"1","1"
"1013","PP1013","Tanjung Pelepas-Port Qasim","32","21","3168",,"1","1"
"1014","PP1014","Tanjung Pelepas-Dar es Salaam","32","22","4458",,"1","1"
"1015","PP1015","Tanjung Pelepas-Mombasa","32","23","4268",,"1","1"
"1016","PP1016","Tanjung Pelepas-Port Louis","32","24","4221",,"1","1"
"1017","PP1017","Tanjung Pelepas-Toamasina","32","25","4561",,"1","1"
"1018","PP1018","Tanjung Pelepas-Victoria","32","26","3482",,"1","1"
"1019","PP1019","Tanjung Pelepas-Port Saint Denis","32","27","4424",,"1","1"
"1020","PP1020","Tanjung Pelepas-Djibouti","32","28","3973",,"1","1"
"1021","PP1021","Tanjung Pelepas-Penang","32","29","313",,"1","1"
"1022","PP1022","Tanjung Pelepas-Port Klang","32","30","173",,"1","1"
"1023","PP1023","Tanjung Pelepas-Singapore","32","31","57",,"1","1"
"1024","PP1024","Tanjung Pelepas-Tanjung Pelepas","32","32","0",,"1","1"
